x,y,class
2.4477705616561702,-0.35463699324477727,1
1.566084539832762,-0.23694381636623776,1
2.1165018190368547,-0.04387785091129896,1
2.4175958093615844,-0.24412057323177166,1
1.8075305258159131,0.35477944013275414,1
2.4923538468273616,-0.4747040080923369,1
2.162086989889125,0.5250944008733184,1
3.259340249899719,-0.09837848500557383,1
2.4111184276284128,0.076474361275711,1
1.9762310443802766,0.44299851839594073,1
2.5848457628096653,1.0426991014266307,1
2.1555042633514847,1.339242615617682,1
2.3102745420853066,0.8355981385228917,1
2.236594119961357,0.6680711093093721,1
2.6666776358068685,0.8878666740738431,1
2.3567741822124697,0.4682315634521007,1
2.3375119950229193,0.9005358983239812,1
2.4141400911404167,1.397252824778032,1
2.7163259501678882,0.8261919409764582,1
2.2623832980534635,1.7497697108547718,1
2.4200169241692997,1.6692915457187825,1
2.2865893686740133,1.2804842761720963,1
2.349215862381452,2.184379602398928,1
1.77509520007737,1.8892067525027143,1
3.161414772938916,2.267270571367294,1
2.9478472035510874,1.797476149143901,1
2.8548990769864218,2.320342294135147,1
2.3305684119191303,1.7161156308785956,1
2.533831847434226,2.1468290463387487,1
2.6059741629512874,2.6035032824586595,1
2.38670466374075,3.0290574784145408,1
2.3998065040720005,2.6003403097628373,1
2.100370594971791,3.0556906977285143,1
2.3478644253597363,2.3265813407829192,1
2.788851254822772,2.4282946268048518,1
2.269967829756662,3.283487590655608,1
2.0784894341513294,3.496341585046079,1
2.1265923468697814,2.831490898812122,1
2.772939305514746,3.562869513243013,1
2.2994955670368324,3.497324323968518,1
2.3996113679696083,3.414888991981369,1
1.5614602441223384,4.096595083562066,1
1.9705765129806712,3.9186591292619966,1
1.3314686004701073,3.7341176179553757,1
1.96835137689205,4.031271279958321,1
2.1258096528785826,3.181151099095306,1
1.6180955503240024,3.1387614339660583,1
1.1155937976502845,3.9680739103764697,1
1.738237672965521,4.115679436466424,1
1.392007888426156,3.949233572293781,1
2.0409467057796493,4.428779560420102,1
1.0926133413749386,3.7867811796768174,1
1.4074765838806167,4.635259802022791,1
1.1325066399496362,4.527071681250882,1
1.226448339374014,4.077723488909449,1
1.3533231298732462,4.636175373530283,1
0.6840068549632807,4.7212632194193525,1
0.8822498843050769,4.907099523859101,1
0.9888666743318589,4.8263078578860075,1
0.19803396964672737,4.463647046877659,1
0.10188789622320943,5.269540049986373,1
0.22542072189963241,4.9702352853669565,1
0.2246060537451683,4.913861009000854,1
0.05565822103511461,5.175214492472653,1
-0.46031309190895686,5.42022400556268,1
-0.1320728813688478,4.679066184398056,1
-0.9090379908318811,5.397346915193534,1
-0.09500553751375873,5.301743380701286,1
-0.8421783284969957,4.897895422877881,1
-0.4606782510553309,5.517399206024733,1
-0.6247769895083579,5.4399472195525265,1
-1.0326540764862369,4.727808825239381,1
-1.1094895392941821,5.95241520884135,1
-1.2978073916855046,5.2461976267323625,1
-2.258071238476143,4.9889453508721315,1
-1.1116705744231334,4.984640198297944,1
-1.6032773749909612,5.889566194032919,1
-0.9623345702914088,5.556286329140429,1
-2.074310146291653,5.513915249859929,1
-2.8315304199293174,5.115502609792341,1
-2.1358975960462785,5.434718494772791,1
-2.2868805362908318,5.5738508142241905,1
-2.6312136582055947,4.744495068908682,1
-2.705801266628121,4.623002630270884,1
-3.31887578970629,5.161804478868081,1
-3.450595936951868,5.6665092656736284,1
-3.0306754502045314,6.1423923080828855,1
-3.735090146559457,4.547716024089018,1
-3.0855009644844555,5.51802528303069,1
-4.39448000589361,4.665170717379919,1
-3.893243752726496,5.1824592704962225,1
-4.728480092509254,4.891964839956739,1
-4.057568196279711,5.278910855508708,1
-4.288657875687879,4.507727285013061,1
-5.981423802257867,4.79880604143949,1
-5.111959056506793,4.4682229064922385,1
-5.171550811532976,4.255404784088593,1
-5.570938887290166,4.0688710143507745,1
-5.188086395382534,4.826371244077601,1
-5.752793277119849,3.9196008019223405,1
-5.647885656065285,4.7744985146319046,1
-5.846142373629405,3.388464618395829,1
-6.43412730155934,4.357127243551058,1
-6.82729357569411,3.067123066446971,1
-6.69167050114894,3.914427574212983,1
-6.110933641393075,2.989932750335588,1
-7.341376188045663,3.6095169284996156,1
-6.677554890069964,3.720995316285275,1
-6.37724596258923,2.8216506478090584,1
-7.409105704108582,3.003950530604845,1
-6.904930676219549,2.7327815369073503,1
-7.184741709354594,2.1103666962083163,1
-7.374365341901918,2.009102079408703,1
-7.0594179709747875,2.0240879362234634,1
-7.155578372127786,1.798621847297705,1
-7.639381800057053,2.022325935820317,1
-7.021516652044413,1.0336353180665547,1
-7.615013856860502,1.5781462026874755,1
-7.679142416885152,1.2517774005514337,1
-8.280211721367218,1.8073880918003533,1
-7.360239108154713,1.3671667525381048,1
-8.107486371747088,0.596325731962481,1
-8.037890331211333,1.117588302361312,1
-8.340116179349526,0.49876237332857065,1
-8.425118111934147,-0.27140756855541365,1
-8.319128076085747,-0.05791828723677798,1
-8.435664219391056,-0.6055169045158224,1
-8.406762070658418,-0.6831593732964912,1
-7.565535872747634,-0.9928566491444762,1
-8.948147869277769,-0.5476664634323607,1
-8.588179934076727,-1.43585453983254,1
-8.043402573763503,-1.5706020321563456,1
-8.111722352048703,-2.1520194618270287,1
-8.328938171724749,-1.1255330046857386,1
-8.56881232733707,-1.915990644256113,1
-9.044023363456237,-1.2715869740936694,1
-7.941449105305576,-2.9184806907364873,1
-8.393651352223218,-2.1395850715104823,1
-8.65077669340287,-2.590320886044297,1
-8.389346767310302,-2.873704152842811,1
-8.329243785978031,-3.2911629031539285,1
-8.332927209266389,-4.093204812167952,1
-8.72559094708748,-3.205145898656386,1
-8.389727157487677,-3.9719498946498835,1
-7.832089827499326,-4.988467855147517,1
-7.654984099997211,-5.066834121638788,1
-8.294725749372505,-4.439026740908038,1
-7.7127129904061675,-4.532392653966316,1
-8.21469413179278,-5.0187121036333435,1
-8.001942732357143,-4.842491669246875,1
-7.483183821484118,-5.472334119460888,1
-6.9671685451568965,-5.747195986856303,1
-7.264899805999111,-5.964228985376374,1
-7.960573899273286,-5.971986647025072,1
-7.197785610903544,-5.874334956815961,1
-6.788544711859545,-7.293340312279272,1
-6.870662255049079,-6.717301912781341,1
-6.541807342357947,-7.568703547696249,1
-6.925806033238702,-8.129438413994846,1
-6.107844462586373,-7.525083580403796,1
-6.193865493782607,-7.944514488164003,1
-5.1318089228220805,-8.48350868626934,1
-5.714506882439027,-7.331370184708218,1
-5.357544887479201,-8.12237583889034,1
-5.3693880733583015,-7.838595793778101,1
-5.824826321419173,-8.970443497580021,1
-5.51190689732347,-8.822101501090941,1
-4.719451013906112,-8.190370403253914,1
-4.5310377599948986,-9.131797942017727,1
-4.432412224345092,-9.396396900412798,1
-4.169871155516878,-9.445133519383448,1
-4.489474329322861,-9.276801724044999,1
-3.5212682716672585,-10.300953633271057,1
-4.747814312486648,-9.652357784953962,1
-3.609981836738749,-10.308696792843815,1
-2.46162170843733,-10.829288788361612,1
-3.0337938804925826,-10.364926128067275,1
-2.95479047351348,-11.064683664268514,1
-2.8123079225389525,-10.498679511627103,1
-3.254704201313003,-11.27675287072929,1
-2.1175423897415775,-11.089888698875857,1
-1.3173490834296184,-10.680237413507834,1
-1.4066357599693657,-11.07603070503804,1
-1.6751689041167297,-10.918851161522209,1
-1.4656441163386837,-10.805909539903226,1
-0.13972235783853265,-11.367707390322757,1
-0.28592159489725244,-11.70184700347695,1
-0.259970106710259,-11.316551966717501,1
-0.18497241582407542,-11.577783106245683,1
0.8469845950146178,-11.255361533208626,1
1.4152565600481353,-11.528228712633904,1
1.280124355551431,-11.922216257818558,1
0.9982785417478495,-11.48715352416786,1
1.5907827581971679,-11.73790037647289,1
2.084710593797098,-11.604765327551416,1
2.2102707516200506,-11.380104604521204,1
3.1404974367210183,-11.222741003567288,1
2.9095594936729157,-11.23936153971533,1
2.9567277500158022,-11.800932089057456,1
3.9754128765285652,-10.817975558143676,1
3.7388076973398343,-11.86235075061959,1
3.7898172514316015,-11.639921090084007,1
4.383086848445769,-11.01609286870772,1
4.209794096467172,-10.937777228015081,1
5.514981654068037,-10.458445307067219,1
5.494658809248334,-10.936057866527063,1
5.660672197862958,-11.9115969476565,1
5.558118102426253,-11.149091982644883,1
6.512907036310885,-10.961047086944989,1
5.609248369992995,-10.834319322694965,1
6.688359818815926,-10.856345565690386,1
7.4591306645212985,-10.13640130620323,1
7.6989361291809395,-9.787051842353868,1
7.835538232953018,-9.790175133125317,1
8.221501971045896,-9.31190582388849,1
8.409421631958859,-10.034685086676667,1
8.918837923228903,-9.269413804595231,1
8.609415804831126,-9.186115716675294,1
8.755640063324002,-8.35688266183661,1
8.7003110419834,-9.112305051992081,1
10.349145009035752,-8.843874412690031,1
10.030991706511973,-8.444334125532206,1
10.603936785783375,-8.367389802243762,1
10.416829387522526,-8.499799859400657,1
11.039470917149163,-7.613547880035293,1
11.707121371803888,-7.570764900005035,1
11.233499125085999,-7.234402957577867,1
11.02485427466395,-7.457614500357153,1
11.201483978854315,-6.872076139419788,1
12.172518347502567,-7.758329804991266,1
12.404738131387983,-6.429552747948018,1
11.381281881375358,-6.259464258279618,1
12.537386506365834,-5.896444892990927,1
12.73977390066763,-6.258865138650205,1
12.55976334245958,-4.396274108267546,1
13.290389919113165,-4.63848346798417,1
12.822502749093099,-4.66723644661212,1
13.248369219417208,-4.219947403022861,1
12.773247011191845,-4.113796863119558,1
14.22471006689138,-3.692744811388705,1
12.93418584080666,-3.185094985150374,1
14.99804036411739,-2.8747795374450025,1
14.362440057673343,-2.7319660318296037,1
13.670829152218168,-1.4695604323169293,1
13.626975210025133,-2.333868099924329,1
14.346808244228455,-1.128726779936732,1
14.624541834456839,-1.5622348936356196,1
14.22834195541521,-0.8450026573306992,1
14.135343339348006,0.4116893374617496,1
14.354974119183078,0.018985971748573804,1
14.223832093311541,-0.4310805211385094,1
14.564897064074877,0.5105379537453866,1
14.424272445169532,1.5305755304552402,1
14.506484221234569,1.986105683447033,1
14.835693137154324,1.379837539693216,1
14.92439521742422,2.6342840662910305,1
14.953395607048828,2.00719290424283,1
13.93538701393335,2.941342237638334,1
15.124966077484576,3.448136272111019,1
15.245522088790466,3.091554469897834,1
14.55187695862467,4.061697596658006,1
14.870806969450852,3.9906885868569155,1
14.693249653764566,4.947000817767872,1
14.647546208476689,5.120505541751684,1
14.945656867600828,5.2944454448311316,1
14.18684242524254,6.018090652931308,1
13.866073664527251,6.14521671117787,1
13.718329663753252,6.45757530408184,1
13.595309849833718,6.835587706417847,1
13.983266760016065,8.56308184636626,1
14.809580626580566,7.836742920337776,1
14.42665714302152,8.344293781824486,1
13.34348110865787,8.591019679037515,1
12.794757398655335,9.334323940668794,1
12.120324790144831,9.806319193908337,1
12.865283144580454,9.157453151882173,1
12.775024633673707,8.72531512843194,1
12.714781332645348,10.458759290670645,1
11.979100611350505,10.212882416979115,1
11.708802757572904,10.946902700300408,1
11.656333333143209,11.133379730449835,1
11.269991903676795,11.675047070401652,1
10.172206329460193,12.113443305935752,1
10.871050985007797,12.59855445957833,1
11.084041397084997,12.353486757907168,1
10.271393562259254,12.492126490733744,1
10.138152422299198,12.608515897595495,1
9.479401143888735,13.747248036910335,1
9.38458217768886,13.724326194669551,1
8.96309623151983,13.9162524004797,1
8.790898671631735,13.840972159158209,1
8.673998268547432,13.6711916808234,1
8.889947810124568,14.389223542529164,1
8.120503979072094,15.283111373224148,1
6.385687736188554,15.847344662711707,1
6.982862791800085,15.965568703621491,1
6.936483940269564,15.663593262968147,1
6.426855613671044,15.788337129204432,1
5.777772020434794,16.09326147361252,1
5.122212450384434,16.831840631472243,1
5.643282781869718,17.3755923963219,1
4.850666992940342,16.757621665449893,1
4.3770578759760985,16.50051633180125,1
3.8851675799030443,17.012101067386446,1
3.4014178899120404,17.101367590070915,1
2.9045401667813295,17.22293096767501,1
2.4686449665014063,17.71017423341224,1
1.7841491721397245,17.222044674121417,1
1.5057156346206961,17.240343889891562,1
1.808705872028916,17.025818168771256,1
1.583402372078548,17.83529081746554,1
0.7180026865251502,17.08182137242442,1
-0.7383940572040111,17.768734889864824,1
-0.4656733158950431,17.775430090551218,1
-1.7681813763343088,17.595364838410884,1
-1.3432998021136526,17.730524339570206,1
-0.9800967135359184,17.74609750180301,1
-2.3519293399097,17.42372198821975,1
-2.639371278679229,17.88214914278307,1
-3.2226491947891196,17.359793949886217,1
-4.040607020346426,17.14102537931365,1
-3.8336028549993517,16.410720159652683,1
-4.741136136927296,17.18881643814297,1
-4.77181978822065,17.96726242323865,1
-6.368191049866022,17.6793054672015,1
-5.771419480680511,16.295937398048583,1
-5.9734156130404354,17.083703061500792,1
-6.963009332092625,17.058465959152954,1
-7.410795133416109,17.27196183701828,1
-7.180427737603438,16.590350346734695,1
-7.9393406530706425,16.315093246172278,1
-8.882825490860261,15.959478904525504,1
-9.284629656966892,16.80632305666623,1
-10.002935095580355,16.02208169428454,1
-10.300180228173682,15.627965197421966,1
-10.913820635635954,15.914092709445105,1
-11.342596637106402,15.700159277357058,1
-11.712543082196449,14.90187650017593,1
-11.013866990409495,15.739099075127072,1
-12.424960396705817,14.688817719983106,1
-12.938444426822635,14.193202966237251,1
-13.053836814077952,14.387187372657312,1
-13.453071806327959,14.242997026142282,1
-13.424544918605836,13.847784677045771,1
-13.312209232470284,13.003197063217058,1
-14.503681114962848,12.56860900481128,1
-14.764263156470873,12.20406502608863,1
-14.713372482758468,12.179106150096802,1
-15.760348074591594,11.411385131058914,1
-15.86048163466652,12.225157352648926,1
-16.461792752532627,10.3663816039054,1
-16.59605123853897,10.513117406578225,1
-16.66021780382369,10.823088200324818,1
-17.683628020022624,9.939039205687848,1
-17.46962145495552,9.653592478620928,1
-17.88016539343476,9.180994576687118,1
-17.66810396211384,8.561962968523787,1
-17.675485647794904,8.813145508039684,1
-18.3477647308387,7.562619694303277,1
-18.57001476738369,7.229297406536398,1
-18.600518512918246,6.9958748596659985,1
-18.968431449737178,7.076018485599153,1
-18.91200828004267,6.862112562924081,1
-19.761268682154235,6.380254891998205,1
-19.695051925902664,5.148834270022117,1
-20.443706834465168,4.458428915147523,1
-19.809127847584058,4.030125603267587,1
-20.13924653480769,4.233528395485071,1
-20.48361575205429,3.584550053362606,1
-20.52667525152807,2.7991322494757944,1
-20.649187075953314,1.789505925923003,1
-19.579222888845727,1.095337427438245,1
-20.592559742757384,1.081900540587841,1
-20.789599238464888,0.9196467035911282,1
-21.398326577334945,0.20290230174726742,1
-21.271121735963074,-0.4227365029796204,1
-20.906299406246006,-1.1194518411066972,1
-21.76987558694084,-1.350511271568403,1
-20.980507852920947,-1.4551926094409078,1
-20.882943924195306,-2.8501539571916674,1
-20.504725274433195,-3.7379712049442375,1
-20.741330033045667,-3.570760210325399,1
-20.818646548305416,-4.108128417603912,1
-20.846730709326422,-4.378537056419274,1
-20.52203060133752,-5.539445877976316,1
-20.871752686121948,-5.418014205535069,1
-20.499927090295333,-6.000143686550235,1
-19.747108190296395,-6.19421410477279,1
-20.43424362470436,-7.548615401902914,1
-20.02796998866571,-8.061555010231316,1
-19.78113531545536,-8.70004476626409,1
-20.187840096633003,-8.340215049479726,1
-19.390744410560107,-9.857999458944459,1
-18.765004303021342,-9.980041663278218,1
-19.533208707705747,-10.02648231084506,1
-18.54317029191875,-11.307350158253774,1
-18.388532061416814,-11.516764459332222,1
-18.582223324451522,-12.030066054071929,1
-18.904876131579513,-12.510004767296666,1
-17.366496023334452,-12.748772632896637,1
-17.75220834845292,-13.669882096968488,1
-17.659261659114637,-14.155275436371266,1
-16.887953117397984,-14.345746318716577,1
-16.816007699887464,-14.038322764493254,1
-15.803177019066114,-15.525896057488293,1
-15.991375738080725,-16.189768201717925,1
-15.934561376369992,-16.659066480882846,1
-15.093380707046549,-17.01624483224346,1
-14.923507674898142,-16.456708824764682,1
-14.34701389942946,-17.436924412241314,1
-13.934346805238395,-17.527424879227212,1
-13.447706980665814,-18.046819321473002,1
-12.381530460958343,-18.826296312203546,1
-13.270591744358592,-18.27102074779207,1
-12.444334225042054,-19.090742115581847,1
-11.6473615032057,-19.652416320832547,1
-10.763655983204401,-20.224689498707512,1
-10.94324342330744,-20.47936184439677,1
-10.52343410310976,-21.160311473106383,1
-9.951858707843597,-20.959223148546762,1
-9.592863942970917,-21.224737347464796,1
-9.090787426481196,-21.283190115323624,1
-8.020859232133192,-22.137824443757314,1
-7.840253328821087,-21.35139296382692,1
-7.2186845860093225,-22.042131031750856,1
-6.274189604579596,-22.39388581740695,1
-6.400253539778153,-22.7442643801763,1
-5.356299304060215,-23.143094822432698,1
-5.87150153829991,-22.591557871183003,1
-3.9865108600537087,-23.800554132283,1
-3.605497117553864,-23.111681034335792,1
-3.652901725316452,-23.31279951493586,1
-2.7333085806878357,-22.798310226761384,1
-2.242060078300509,-23.597932370045243,1
-2.1596692105914945,-23.570940513645898,1
-0.7512529998128576,-24.219610890365473,1
-0.37783074066145056,-24.250931094387692,1
-0.01954260284154921,-24.144696148215548,1
1.6270136184412725,-23.947810249691653,1
1.6356278432939346,-24.563104884099936,1
1.3478277566398664,-24.166362474534523,1
2.6252379889045914,-23.977572963945978,1
2.178809421470773,-23.8719643595356,1
3.7772580133424096,-24.034170907777558,1
4.736642592254426,-24.338417164442816,1
5.043945582149491,-24.294744977714966,1
5.0733495766108305,-23.71722932107588,1
6.858999202240905,-24.469286183325607,1
6.904088617860513,-23.40256027346056,1
7.576579584494283,-24.100283648902554,1
8.070215497974887,-23.29374730315755,1
8.674503324585064,-22.54785772116168,1
9.213840597144422,-23.78380379929869,1
9.880752490925081,-22.68000078877384,1
10.197402929082628,-22.112729585836988,1
10.982997411266222,-22.213930512525447,1
12.178869251239531,-22.509396140138847,1
12.779410394716148,-21.749748590587828,1
13.079460261144822,-22.920507484310658,1
13.181299119091342,-21.048365866773782,1
14.032580427989753,-20.786161827097416,1
14.70052204059384,-20.633394036281484,1
15.615072566393456,-20.155813277760412,1
16.128526451018438,-19.923050505430776,1
16.16198030210934,-19.098379635504774,1
16.587136704669877,-19.005332858906712,1
17.09403490478735,-18.55792062069908,1
17.27907256052547,-18.494692035725397,1
18.109479546241847,-18.06389742602682,1
18.227487102908274,-17.893488498462048,1
19.44650309548915,-16.93821539129493,1
19.351031460948846,-16.20116210032278,1
19.891323537261943,-15.730631166615208,1
20.808559307331375,-15.482934076374775,1
20.35199843232222,-14.953709799217448,1
21.447382496093706,-14.442162493511425,1
21.321523763187166,-14.007450840954187,1
22.037080435710955,-13.600385940986262,1
22.61277503550709,-13.632691838179484,1
22.413582371893828,-12.539560348831682,1
24.486255750801085,-11.792261202551513,1
24.26285316930335,-11.252684857228044,1
24.137139112072983,-10.720282379085665,1
24.602853226553968,-10.20496169672446,1
24.278169135863774,-9.313604734157813,1
24.660000038503618,-8.576037125659424,1
25.545150082145746,-8.582835665154722,1
25.31410878011511,-8.14972821832234,1
25.635706225304396,-7.1923601772694346,1
25.991991175416263,-6.28180056057056,1
26.306724287041966,-5.8558484351094,1
25.820743018219684,-5.298738960703656,1
26.496131193067747,-4.776409392605198,1
26.497941873532334,-3.865394215393112,1
26.50751681207212,-3.2706820357172175,1
26.90183017595781,-3.0644573107439097,1
27.74439467069744,-1.9160672302288388,1
26.869364017039725,-1.5274432559785196,1
26.19334738681406,-0.6559785915202258,1
26.8592044246299,-0.1052865498670161,1
-1.3094314489208976,-0.09707854368215822,2
-2.1582810302247935,-0.9455577878216921,2
-2.253200526850314,-1.1082459838344316,2
-2.3993591686301072,-0.41063096096237467,2
-2.828314452529291,-0.4897778885213706,2
-2.4017594023520212,-0.4426918295159037,2
-2.5434782401990788,-0.9760453257849409,2
-2.4245885850303406,-0.5201073908374246,2
-2.308264105045427,-0.7878238801358404,2
-2.528967581358334,-0.13686917988079805,2
-2.317230762926391,-0.48281181876133006,2
-2.038975811149249,-0.70133837136435,2
-2.6640811768039216,-1.1274858113324249,2
-2.872405519914402,-0.7765905084149264,2
-2.4845895341014312,-1.0504416938125383,2
-2.4194782564187647,-1.2864381781058647,2
-2.3665879912941756,-1.1539199919047944,2
-2.9853709483714956,-1.0857929715644878,2
-2.7196996471429737,-1.1954472742718465,2
-2.6501309527069714,-1.2728939619803805,2
-2.9645058949817873,-1.185291407480619,2
-1.3349247865318814,-1.846789552126495,2
-3.3711391037216956,-1.4403544350445519,2
-2.764510727218954,-1.8780257027691476,2
-1.6018216421048124,-0.8624393656868083,2
-3.495706468479736,-1.2770051103761575,2
-2.532616055394284,-2.360071644729411,2
-2.9295069464376438,-2.367053735436164,2
-1.7912198200194784,-2.7674592033812666,2
-2.339085817767023,-1.6884088099067296,2
-1.9895873108472681,-2.66567515420847,2
-1.9492594296894548,-2.392336101503708,2
-2.2827433495258167,-2.4002995361388293,2
-2.8407421509730235,-2.3563262003222185,2
-2.7575500956288677,-3.087729810750585,2
-2.561946904529101,-3.7162639748574815,2
-2.3535191798825106,-3.0035046644237986,2
-2.890560434575017,-2.8682353376466327,2
-2.2250407653729876,-3.1158037770657754,2
-1.7285178176015181,-3.7905305451493088,2
-2.0242861571179382,-3.1270368420334465,2
-2.6031986653739643,-3.78969426369526,2
-2.293228670727492,-3.7610482525078575,2
-2.776327443294594,-3.4403709159565428,2
-1.5627370266824705,-4.3418476431909045,2
-1.9539530426202332,-3.873137716607574,2
-1.1454816392660283,-3.779714252793186,2
-1.8461357862051149,-4.34165770776706,2
-1.236952590296531,-4.192541622170954,2
-1.2724496392907447,-4.176064013396322,2
-2.4930403648631456,-4.87318387752054,2
-1.3888815160142216,-5.165053109971209,2
-1.4905778604317812,-4.437848753810334,2
-1.4657776041706037,-4.502256335939035,2
-0.9341925566528028,-4.057788617461078,2
-0.8325789086602363,-4.647523015458496,2
-1.484156392402723,-4.483642051422309,2
-1.1823065225526541,-4.689341797893164,2
-0.774742642749838,-4.635927340202747,2
-0.6665833655468318,-4.863765157291658,2
-0.27978907662467895,-4.780844760308945,2
-0.2748850642002574,-4.740910597427524,2
0.06985823815108663,-4.698884181226346,2
0.7277370300267001,-5.341913067733641,2
0.40731311379280777,-5.581442820502996,2
0.30349069328633227,-4.788925224120586,2
0.2528617092647231,-4.832990728337069,2
0.4785409885929096,-5.48719316238929,2
0.6521324914538158,-4.83801642542181,2
0.6898696792273229,-5.576844564896778,2
1.1505781652997833,-5.2024523158761715,2
1.4370575156830108,-5.600025288120286,2
1.3219702867911525,-4.64214091953996,2
1.1309535143851532,-5.0439777411149365,2
1.9369789450084314,-5.902133483460843,2
1.2925637154749416,-5.691683048451727,2
1.7558299582646595,-5.712521124352799,2
2.184948264849344,-5.48495800998181,2
2.5792395465527407,-5.534071715981441,2
2.657063057407006,-5.714074676008646,2
2.2360173237716556,-5.816494157888868,2
3.450494288434373,-5.473916302326029,2
2.5520873722267203,-5.4119040101199145,2
3.4836601352912515,-4.794586349367638,2
2.938533998073565,-5.483744623680723,2
3.072737631856394,-5.152690328370569,2
3.4149919499572574,-4.991439667842501,2
4.49263630809491,-5.463245453401391,2
3.844647279162551,-5.392965430661789,2
3.413910423664309,-5.009766425068489,2
4.844788582097064,-5.73459743369205,2
4.056499347289632,-4.39439491145618,2
4.789880409828448,-4.8135088899056955,2
4.471473298106376,-4.674172336583905,2
4.9215023921065155,-4.429004319727999,2
5.031555294398672,-4.408251082536331,2
5.361136300905416,-4.246063277466845,2
5.09896799175943,-3.805821119172049,2
5.963056877572829,-3.8894427319981624,2
5.143485268022093,-3.8422111957968426,2
6.437241617467811,-4.233700523387804,2
5.78192317898499,-3.914355317377634,2
5.683442157370267,-3.9014041829603334,2
5.497254381442501,-3.9183780297002766,2
6.373192120830419,-3.3608767846648036,2
6.547917751888813,-3.129221291223838,2
6.220499227675152,-3.086065702120366,2
6.766970615939372,-2.6426903536064525,2
7.674211791934548,-3.1138184855718545,2
6.364252793323543,-2.3824159151159487,2
7.5189544185334904,-2.1970717306697067,2
7.588310283862965,-2.825380711163794,2
6.649227264742578,-3.133287049472494,2
8.18214805914492,-1.9089119782717372,2
7.121454258226061,-1.8472010500492062,2
8.533606786611175,-2.1784614925699093,2
7.157361363266226,-2.1340765611817436,2
7.814573274839954,-0.9143141970369755,2
7.323198723343221,-1.5618252022026726,2
6.634764215298104,-1.330444737136984,2
7.7178095357102325,-0.8432699258157061,2
8.52571036928791,-0.9732264739417336,2
7.913306617891216,0.09088883721494079,2
9.037445251316033,-0.09629046806613134,2
8.188613583457162,-0.3802829276381433,2
8.051980611242525,-0.4070052850921543,2
8.097172948897953,-0.027825789605664786,2
8.179727164839559,0.7619359590647395,2
7.879271297158111,0.5257482855093082,2
8.161155944958653,0.5939192054208138,2
8.41973439004856,1.059755192418976,2
9.057847957926823,1.467418585159659,2
8.607391220972954,2.1089048699077084,2
8.311802001570012,1.4530361628012471,2
7.854755060389,2.1555393987385347,2
8.83858014508823,2.8893009700536947,2
9.101750625383042,1.9885123281211563,2
8.788575920054344,3.1287279369591965,2
8.518717125305756,2.6575231501523597,2
8.567679879346079,2.678393950053558,2
7.998024159532862,3.6768961595023626,2
7.51275743446791,4.155399712648895,2
7.696327081459607,4.724691175220146,2
8.452711772485058,4.0900007776722305,2
8.61726962278416,4.670789639768739,2
8.002033541971334,3.6969557807309084,2
8.309806880321963,4.638011541812614,2
8.841259904491066,4.469928591560962,2
7.2078262445161325,5.234381318796512,2
8.35998095928837,4.9180673070236995,2
8.023339326070733,5.725197286114028,2
7.041347112105939,6.513590746207199,2
7.186812384882506,5.6073867954456125,2
7.487930908974912,6.221655867708771,2
8.014782456585497,6.21066910967253,2
6.949839170719654,7.053017096497147,2
7.641083478628474,6.361369053742027,2
7.4071343313306395,7.509692595967431,2
6.565945134827797,7.569285576501666,2
7.016207443461523,7.0244706926914535,2
6.218782561072972,8.087488016395874,2
5.907692519695981,7.809570724990286,2
6.566235258437774,8.605654462729966,2
5.662067163354736,8.146395741476368,2
4.94468286259156,8.860690497427242,2
5.688384955274455,8.516550543326462,2
4.828194021881775,9.04502387605381,2
4.448730984065956,9.640342512239032,2
5.20582978724162,9.276038064865931,2
4.72392674854805,9.422809219837173,2
4.331020347886789,9.425967728197046,2
4.215253641051837,9.160743265596025,2
3.5317592167136147,9.492886480290661,2
3.1067469555325076,9.537613604462605,2
3.0592214263572437,10.327498099371295,2
2.885574124817397,9.715549966903179,2
3.621139625384888,10.794369694733929,2
2.661699253761152,10.332620028823724,2
2.553914450720606,10.122067866516394,2
2.293543889161195,11.166036444276633,2
1.5676042436379232,10.696724570143795,2
2.4453015003533256,10.842866459533052,2
2.0747934827935337,11.213725268855242,2
0.9340545417472051,10.764373996114175,2
0.9600851991665201,10.899308601025735,2
0.7968736245902754,11.514703309343194,2
0.20246761586209816,11.527620770985578,2
-0.3003404026603854,12.315169091688354,2
-0.43563341618274254,10.656493695628463,2
-0.6205940929371051,10.844146488465297,2
-0.7831274261820642,11.475952650650303,2
-1.5916854444905784,11.32787680392436,2
-1.271664528195509,10.965962504731642,2
-1.1428472781905632,11.602367494422456,2
-1.6345212170512213,10.713545998363953,2
-2.695351024503704,12.100724807419985,2
-2.3305044605704843,11.288884367624393,2
-2.5531153055197358,11.734350871246361,2
-2.9684262627023585,11.677710378551325,2
-4.337087305247534,11.332081579969985,2
-3.8317814987098866,11.402644309451704,2
-3.9227853168379614,11.353385880605817,2
-3.530148810505019,11.37806927778953,2
-5.044264220641646,10.929495037795785,2
-4.435164272652071,10.855074535279966,2
-5.22629870616072,11.529557400605183,2
-5.954444458590937,10.498748220534365,2
-6.307223553754648,10.72718552040039,2
-6.211699483075943,10.08835769444772,2
-5.728351542755267,11.008598382963772,2
-7.238745668051446,10.847807340652924,2
-7.647811076468021,10.309996161675693,2
-8.007087623979347,10.209470735590543,2
-7.986684986370064,9.577718721909235,2
-8.091537615164295,10.295183571857848,2
-7.876147336300458,9.346571669330071,2
-8.53060642068463,9.415140243388125,2
-9.429421483386331,9.87187774980363,2
-9.447609659665536,9.52034783570258,2
-9.190638120698507,9.518906897207573,2
-9.126234048195268,8.936964373601855,2
-9.666039896661523,9.11498104008711,2
-10.102775053242805,8.69314077845169,2
-9.867826398780336,8.03265659514171,2
-10.853211147906535,8.114769277130813,2
-11.570827175890074,7.923749122052866,2
-11.254957812010385,7.922636774915084,2
-11.836360946249279,6.921526700661991,2
-10.966939621378138,7.208279438420696,2
-11.34815400080186,7.324838300497659,2
-11.712783659702989,6.481508090913685,2
-12.25827118405538,6.199966317229988,2
-12.957642930580855,5.45122611779982,2
-13.083464318710513,4.800074041516785,2
-12.716824285608455,5.632387903787485,2
-12.684647779503347,4.8215725518472405,2
-12.708642838505986,4.58493703445187,2
-13.087804313387577,4.630658235279718,2
-13.211828389561623,4.334375090281357,2
-13.674573405679824,3.834935632975842,2
-13.939241621777867,3.7113320158816685,2
-14.327932505742837,3.3910977471788497,2
-13.847568049665778,2.1459792607735078,2
-14.06280198002335,2.3385160340899014,2
-15.196901645217714,1.506174304723036,2
-14.533862824884482,1.8224817299960345,2
-14.307672985087518,2.149601228211566,2
-14.17300050718069,0.1965697453360239,2
-14.700544366796215,0.272595426874036,2
-14.063243679319747,-0.6027913538433625,2
-14.496859440433974,-0.16327910602034446,2
-14.741505892784492,-0.9487949321860453,2
-14.952531303437391,-0.950151128502794,2
-14.76382724567819,-0.9834723332548734,2
-14.48640047517458,-1.295433516374373,2
-14.465372846175617,-1.8030244053902227,2
-14.183674404170327,-2.836792228381617,2
-15.068766014149439,-2.3672110146380954,2
-14.231116843482914,-2.8736478215942394,2
-14.281209773174202,-3.4958769593513916,2
-14.712919715949491,-3.3094162089252404,2
-14.974442613723687,-3.901546397628639,2
-14.432789817616294,-5.048604152425302,2
-14.453002525476867,-5.389552010532602,2
-13.907197010544607,-5.274591156792135,2
-14.17676373642596,-5.61997863177186,2
-14.32155389936155,-6.559990553073037,2
-13.681159149853828,-6.386863005414741,2
-14.335820046386573,-6.934160714986272,2
-13.69401702741143,-8.049664370945287,2
-13.98823732721089,-7.2346649281592565,2
-13.385790170543778,-7.9665829183496975,2
-13.388009578155081,-8.363466006439834,2
-12.67019796085582,-9.459866434662773,2
-12.478678731191687,-8.98547794933392,2
-13.555962278654404,-9.691693845149617,2
-12.554140175386403,-10.006710876333349,2
-12.286532353060844,-10.49386432099761,2
-12.059108354543255,-10.303624656249019,2
-11.489656110689348,-10.23486881563099,2
-11.189590953478959,-11.842841465834294,2
-10.693673659481622,-12.001692712782948,2
-10.898027873191136,-12.046134377753447,2
-11.113929481080223,-12.248963006993007,2
-10.761797786823603,-12.189335353467747,2
-10.32337182944899,-12.381828476852672,2
-9.9796838118224,-13.560896833717425,2
-9.108044490511691,-13.4825312027199,2
-9.215742295943471,-13.562615812612034,2
-8.658704835151795,-13.9830111236103,2
-9.190196928488119,-14.489923502439783,2
-8.190534854510187,-14.440644861750206,2
-7.8078346864223835,-15.011042715089847,2
-7.370293986873822,-14.340949980251358,2
-6.991396802575165,-15.048790159117097,2
-6.923351973930411,-15.796617517336099,2
-6.75420650178308,-15.365010228790686,2
-5.903326058775497,-15.595755027175384,2
-6.067532844460746,-15.681361889171347,2
-5.413306199564219,-15.970503861197765,2
-4.377159116492683,-16.963400420569506,2
-4.6207521689864,-17.12592238152565,2
-4.37136615511243,-16.429856336044455,2
-3.3535051909951803,-16.33887456141309,2
-3.6099983274861676,-17.875299815855477,2
-2.8384093701781024,-17.286450068624994,2
-2.626333304286225,-17.489865583801617,2
-1.5526206363610413,-17.671419247210626,2
-1.6210128486461959,-18.204231185866433,2
-1.6391691405117133,-17.75007336726481,2
-0.9379438645939043,-17.243504768153144,2
-0.11787272134509469,-17.24001347287866,2
-0.12770120404654156,-17.39583608602585,2
0.90022900506772,-18.184674116880505,2
1.3854912221799993,-17.93721477187898,2
0.8187096564093892,-17.377731136317166,2
1.9346972877473305,-17.581749738024545,2
2.1257509454173698,-18.07227266437834,2
2.727564477525184,-18.782961047163894,2
2.6674808505339644,-17.32741741666916,2
3.4423861820087813,-17.889003228562967,2
3.7887631861940534,-17.46010283927293,2
4.731922750847853,-17.62159952982744,2
5.283459281197225,-18.052144238619405,2
6.075865426073766,-18.213461156275443,2
5.712002212679173,-16.950884187607258,2
6.4972357502157445,-17.61640868025691,2
6.3435257789229125,-16.977299626225907,2
6.7781975204108775,-17.16659603253575,2
7.702069531837782,-17.28493684904656,2
7.914633313126914,-17.24250912539094,2
9.273873228271206,-16.245418373489155,2
8.757656544828336,-16.51775948183852,2
8.806382856954588,-16.296851096653246,2
8.975660547044885,-16.010289224285497,2
10.811426447277375,-15.674041478354665,2
10.616081681749913,-15.880802229543042,2
12.071527560061751,-16.03244124258135,2
12.37804484555898,-15.328877786525942,2
12.459109130316891,-14.238127324614663,2
12.125899707831573,-14.431376396283023,2
12.46480123875926,-14.171542259699725,2
13.146296913530339,-13.960272816935445,2
13.991097852068544,-13.977041754884322,2
13.750097285343772,-13.225551068965125,2
14.4121749846727,-13.77659571039489,2
14.251459196714025,-12.82066547158551,2
13.972105216704977,-12.208243406486686,2
14.871005017879348,-11.957104007169585,2
15.570326882854042,-12.140480312997939,2
16.408095953568598,-11.154132670321948,2
17.17314827018772,-11.621904883060752,2
16.37002334657481,-11.164582547727411,2
17.124200348780143,-10.335656655431551,2
16.927887919880135,-10.283162296535249,2
17.067965665445136,-9.578229448359423,2
18.15581478204968,-9.420660401111066,2
18.29919864110966,-8.903389176548707,2
18.09064152351446,-7.725063449196079,2
18.08479123997071,-7.745975539898826,2
18.570702676226478,-6.724815351382879,2
18.531457362510782,-7.148244213789365,2
19.04955680594473,-5.933456510941557,2
19.116487276896173,-5.59268328810279,2
20.265029048576103,-5.4353468269807275,2
19.829685630444853,-4.547620308514125,2
20.027255494666402,-4.708969753972111,2
20.689277759211354,-2.983235446707166,2
20.29771564327835,-2.6816670958668407,2
20.613333427089486,-3.7329560889513695,2
19.433646717586363,-2.4356575258138276,2
20.837361623472965,-2.114353514058009,2
20.522759441465197,-1.6198248186699242,2
20.47826319560764,-0.7866414252268661,2
20.02557170006912,0.2425982025879402,2
20.33179779869289,-0.04239235229949151,2
21.207870541907468,0.8057019956455567,2
20.743062501899338,1.354579558519848,2
20.49225845991413,1.877195476101278,2
20.029446261935927,2.9296881042343283,2
21.758333564073414,3.057299423433704,2
20.726714627249233,3.005482133315213,2
21.201094365886156,4.671521080352007,2
20.46791770544304,4.968360279703567,2
21.344765485499195,4.628718143437879,2
20.920885708216293,5.813316910979792,2
19.849179288830644,6.190579149992871,2
20.537717030929375,7.650491602881676,2
20.36747436887368,7.481730105514424,2
19.49863931821936,8.03634672695449,2
19.3728908325053,8.85111571970109,2
20.28573512289843,9.183564791243244,2
19.219056146258957,9.753337232481448,2
18.562271198700717,10.055624592669488,2
19.301112521178098,9.826487258188491,2
18.946024936375913,11.203920970127324,2
18.99424217046314,10.71465039503201,2
18.722595438667476,11.672406848715442,2
18.32857701069388,12.605219944126203,2
17.677388929153643,12.38808492284762,2
17.409503630133013,13.25504536975045,2
17.679009462368345,14.115507149327987,2
16.975584897476004,14.544673587909799,2
16.72490749319138,14.245480260352672,2
16.31400133685745,15.98921553910522,2
16.215668134595713,15.950610017093698,2
15.447934842903953,16.230830067409308,2
15.567282174515748,16.513679163967463,2
14.805374126251552,17.101619883728773,2
14.50000360340225,17.56059397785119,2
13.923963701541183,17.499674365788586,2
12.9657780055554,17.87829476394682,2
12.553667579928446,18.12628933730605,2
13.002489170531181,18.55397691692469,2
11.742961222342357,19.496884281960675,2
11.60749933158221,19.73003961657275,2
11.635737141161172,20.408493445298113,2
10.956196346977205,20.440413500768354,2
10.428548828133318,20.080893325421158,2
8.878463787251707,20.90904503058103,2
9.117642003609967,21.59743578999114,2
9.181644022917578,21.947269184090594,2
7.959680953140016,21.89625202723548,2
7.558667564481568,21.234754396060634,2
6.8732244299160765,21.630436791969153,2
6.78356984797051,22.700314546409956,2
5.7661624586172335,22.19381569984093,2
5.736591927947021,22.410830849005116,2
5.216100851458008,23.28116345088332,2
4.66289856014868,23.176275743393166,2
3.399951286999681,23.61593956348229,2
3.7415517011005885,24.092570831081286,2
2.63943703442722,24.35547512987022,2
2.2632936991764567,23.481586216986535,2
1.1042501142266656,23.563022235860597,2
0.13150083042654825,23.675633140431742,2
0.14522975954942846,23.067103825522082,2
-0.08967096077235612,23.663834692045423,2
-0.7861491481345888,23.441817945468028,2
-1.6399159864138246,23.937169715993527,2
-2.1061511993218116,24.522248002678523,2
-2.8978391627445927,24.06827544246389,2
-3.130422255682275,24.14218391144426,2
-4.732931351993133,23.440121959260082,2
-5.236492591175589,24.16353564901716,2
-5.542803780665866,23.87073668193829,2
-5.979312653913457,23.862526823200845,2
-6.520159126136799,23.943426242507233,2
-6.948170310594156,23.50397410875729,2
-7.3547099770478335,24.039215554105418,2
-8.057909007890304,23.133060840304907,2
-8.420976554768615,22.619736959678637,2
-9.194888753164108,22.327211610529975,2
-10.128058405647703,22.846874773202856,2
-10.533226233695595,22.208076967369205,2
-10.617772611383872,21.616278839512958,2
-11.753292450034552,21.335555549217947,2
-11.82615887104951,21.15793184496137,2
-12.921381347265557,20.923133791207455,2
-13.45924159900922,20.779637069774154,2
-13.945346400940107,20.68323659866241,2
-14.736276518378725,20.78007825974278,2
-14.535204484423367,20.579112341859,2
-15.405881075479943,19.8889111228022,2
-15.594567472301582,19.647040383502805,2
-16.50502377159733,18.595782352999873,2
-17.719697448278968,18.369333525211157,2
-16.95459860619957,18.633917549284856,2
-18.148406316808455,17.78741557537099,2
-17.94282607532617,17.637421952286925,2
-19.063036686312437,17.65699169250997,2
-19.275400164938652,16.53221360138538,2
-20.146098914468006,16.101136309248055,2
-20.50345718077123,15.516086739070653,2
-20.603143567870905,15.188014016174417,2
-21.80872496728422,14.319190747589479,2
-21.799353320640368,14.437009756199737,2
-22.481151396001962,14.021690256937404,2
-22.798819805743513,13.28777558284883,2
-22.38378114798668,12.220472376194387,2
-23.377490528649,11.601340627989646,2
-23.88422617055997,11.593860678142718,2
-24.086686182387673,10.96022172420836,2
-24.632496747780184,10.573010295602916,2
-24.174762071047443,9.44887647994829,2
-24.81299619819077,9.025216854179146,2
-24.873316051054918,9.419400070794296,2
-25.393101452968505,8.122758818984298,2
-24.833278689015007,6.633420102123354,2
-25.805146585079235,6.856259857984492,2
-25.843706899053267,6.031187950781764,2
-26.21425401801042,5.404857159262971,2
-26.20554030671186,4.70541327616945,2
-26.62496755773586,3.7596659808392316,2
-27.02157864258124,3.5985678168616833,2
-26.3922495950463,2.568689564977233,2
-26.96772709556569,2.230418151135018,2
-27.797864956582025,1.2481911854222183,2
-27.288099510201192,0.6756283543067793,2
-27.22424519683609,-0.053322012234967,2
